{"stats":{"minecraft:used":{"minecraft:music_disc_stal":1,"minecraft:music_disc_far":1,"minecraft:jukebox":1},"minecraft:picked_up":{"minecraft:music_disc_far":1,"minecraft:music_disc_stal":1},"minecraft:custom":{"minecraft:jump":18,"minecraft:time_since_rest":4802,"minecraft:crouch_one_cm":1003,"minecraft:play_record":2,"minecraft:sprint_one_cm":896,"minecraft:play_time":4802,"minecraft:time_since_death":4802,"minecraft:walk_one_cm":1948,"minecraft:sneak_time":634,"minecraft:total_world_time":4802,"minecraft:fall_one_cm":480,"minecraft:fly_one_cm":29520}},"DataVersion":3465}